customer_id,name,city,state,email,age,joined_date,phone
1,Sneha Verma,Aurangabad,Maharashtra,sneha.verma755@yahoo.com,35,2020-07-28,9685582861
2,Ananya Chawla,Chandigarh,Punjab,,20,2021-04-21,9128492780
3,Vijay Sethi,Varanasi,Uttar Pradesh,vijay.sethi829@outlook.com,32,2024-11-15,
4,Rahul Banerjee,Jodhpur,Rajasthan,rahul.banerjee782@yahoo.com,35,2021-11-20,9507943839
5,Pooja Siddiqui,Udaipur,Rajasthan,pooja.siddiqui748@hotmail.com,56,2022-07-29,9506448196
6,Priya Bhatia,Vadodara,Gujarat,priya.bhatia371@rediffmail.com,58,2023-03-28,9174684276
7,Sai Yadav,Vadodara,Gujarat,sai.yadav390@yahoo.com,23,2021-07-23,9995619255
8,Tushar Agarwal,Lucknow,Uttar Pradesh,tushar.agarwal719@yahoo.com,40,2023-10-31,9754049436
9,Rohit Sethi,Jabalpur,Madhya Pradesh,rohit.sethi277@yahoo.com,33,2023-08-03,9335809993
10,Karan Singh,Kolkata,West Bengal,karan.singh68@hotmail.com,20,2021-03-08,9709004943
11,Akash Pandey,Vijayawada,Andhra Pradesh,akash.pandey659@outlook.com,49,2022-07-28,9249926919
12,Geeta Bhatia,Bhubaneswar,Odisha,geeta.bhatia598@rediffmail.com,34,2022-03-28,9248532577
13,Dinesh Jain,New Delhi,Delhi,dinesh.jain164@gmail.com,21,2024-06-10,9740389325
14,Krishna Das,Kanpur,Uttar Pradesh,krishna.das995@outlook.com,56,2023-02-07,9112327652
15,Sneha Sethi,Solapur,Maharashtra,sneha.sethi446@hotmail.com,35,2020-11-19,9875340444
16,Seema Kapoor,Solapur,Maharashtra,seema.kapoor892@rediffmail.com,29,2023-07-04,9786066793
17,Vinod Bajaj,Hyderabad,Telangana,vinod.bajaj553@hotmail.com,27,2024-05-13,9100614068
18,Karan Jain,Pune,Maharashtra,karan.jain852@hotmail.com,25,2024-07-10,9162196678
19,Sunita Arora,New Delhi,Delhi,sunita.arora779@outlook.com,23,2022-12-26,9237859287
20,Rajan Bhatia,Coimbatore,Tamil Nadu,rajan.bhatia434@rediffmail.com,34,2021-03-09,9910959828
21,Vijay Pillai,Agra,Uttar Pradesh,vijay.pillai530@hotmail.com,60,2022-07-13,9341266931
22,Krishna Ansari,Pune,Maharashtra,krishna.ansari226@rediffmail.com,55,2020-01-15,9777641645
23,Ayaan Yadav,Delhi,Delhi,,20,2021-05-02,9621209849
24,Manoj Sethi,Hubli,Karnataka,manoj.sethi249@rediffmail.com,64,2024-05-25,9537077308
25,Rajesh Patel,Bangalore,Karnataka,rajesh.patel421@outlook.com,60,2022-08-14,9158165865
26,Pooja Singh,Agra,Uttar Pradesh,pooja.singh112@hotmail.com,64,2021-05-24,9675832441
27,Simran Mehta,Chandigarh,Punjab,simran.mehta896@hotmail.com,29,2020-06-03,9690907304
28,Pooja Singh,Vijayawada,Andhra Pradesh,pooja.singh949@gmail.com,52,2024-03-23,9278575192
29,Shruti Jain,Bhopal,Madhya Pradesh,shruti.jain169@outlook.com,31,2022-02-15,
30,Sachin Nair,Amritsar,Punjab,sachin.nair749@outlook.com,36,2024-05-23,9871385010
31,Gopal Chopra,Hyderabad,Telangana,gopal.chopra594@yahoo.com,36,2024-02-15,9903132646
32,Akash Singh,Nashik,Maharashtra,akash.singh874@outlook.com,55,2022-12-23,9645276696
33,Priya Tiwari,Delhi,Delhi,priya.tiwari241@gmail.com,56,2022-04-06,9711684318
34,Geeta Chawla,Raipur,Chhattisgarh,,20,2023-09-08,9661333669
35,Akash Nair,Warangal,Telangana,akash.nair406@hotmail.com,60,2020-09-25,9422119408
36,Ankita Khan,Solapur,Maharashtra,ankita.khan577@gmail.com,22,2020-07-23,9328872698
37,Vinod Nair,Hubli,Karnataka,vinod.nair379@gmail.com,40,2021-08-06,9995226828
38,Rakesh Pillai,Dehradun,Uttarakhand,,59,2024-07-31,9812308209
39,Neha Mehta,Ahmedabad,Gujarat,neha.mehta160@gmail.com,25,2021-07-11,9326161867
40,Harsh Pandey,Gurgaon,Haryana,harsh.pandey258@hotmail.com,58,2024-09-28,9781057736
41,Tanvi Menon,Nagpur,Maharashtra,tanvi.menon653@hotmail.com,18,2021-06-20,9574417266
42,Tanvi Bhatia,Mumbai,Maharashtra,tanvi.bhatia708@gmail.com,25,2020-11-01,9996139578
43,Gaurav Chawla,Kochi,Kerala,gaurav.chawla316@outlook.com,27,2022-01-16,9954829815
44,Sai Siddiqui,Warangal,Telangana,sai.siddiqui363@yahoo.com,61,2024-05-16,9536344399
45,Divya Reddy,Coimbatore,Tamil Nadu,,29,2024-02-17,9940081098
46,Shruti Reddy,Surat,Gujarat,shruti.reddy40@gmail.com,28,2024-10-24,9314289692
47,Ankita Siddiqui,Rajkot,Gujarat,,32,2021-01-30,9399147754
48,Krishna Menon,Udaipur,Rajasthan,krishna.menon864@rediffmail.com,59,2023-01-03,9129635852
49,Sneha Nair,Madurai,Tamil Nadu,,55,2023-05-06,9882269302
50,Akash Banerjee,Raipur,Chhattisgarh,akash.banerjee591@gmail.com,50,2021-01-24,9861052404
51,Nisha Sharma,Guwahati,Assam,nisha.sharma72@yahoo.com,52,2023-09-22,9769108025
52,Akash Shah,Jabalpur,Madhya Pradesh,akash.shah419@rediffmail.com,37,2021-10-30,9417457352
53,Kavya Mishra,Varanasi,Uttar Pradesh,kavya.mishra925@outlook.com,60,2020-12-22,9423142470
54,Pallavi Bhatia,Mumbai,Maharashtra,pallavi.bhatia805@hotmail.com,37,2023-04-02,9446012478
55,Preeti Mukherjee,Ludhiana,Punjab,preeti.mukherjee813@yahoo.com,61,2024-06-18,9807435606
56,Priya Iyer,Patna,Bihar,priya.iyer839@rediffmail.com,60,2024-03-18,9433310361
57,Sanjay Mishra,Chennai,Tamil Nadu,sanjay.mishra487@gmail.com,19,2023-06-05,9178198716
58,Ankita Chatterjee,Visakhapatnam,Andhra Pradesh,ankita.chatterjee394@yahoo.com,54,2022-10-09,9258453521
59,Aarav Patel,Chandigarh,Punjab,aarav.patel713@yahoo.com,32,2022-11-26,9698509918
60,Geeta Shah,Amritsar,Punjab,geeta.shah573@outlook.com,26,2023-05-04,9910943524
61,Ritika Saxena,Jabalpur,Madhya Pradesh,ritika.saxena562@outlook.com,50,2022-07-02,9898493949
62,Rajan Mukherjee,Ahmedabad,Gujarat,rajan.mukherjee534@hotmail.com,33,2022-09-19,9394846763
63,Ritika Kumar,Jamshedpur,Jharkhand,ritika.kumar328@yahoo.com,36,2023-01-11,9261953189
64,Ramesh Das,Faridabad,Haryana,,27,2022-04-14,9600282414
65,Kritika Singh,Warangal,Telangana,kritika.singh599@outlook.com,44,2023-11-25,
66,Vishal Desai,Mumbai,Maharashtra,vishal.desai874@hotmail.com,40,2024-12-31,9549920675
67,Sunil Sethi,Raipur,Chhattisgarh,sunil.sethi447@outlook.com,32,2022-09-21,
68,Harsh Roy,Jabalpur,Madhya Pradesh,harsh.roy638@outlook.com,28,2022-12-29,
69,Swati Chawla,Thiruvananthapuram,Kerala,,60,2022-05-27,9595744935
70,Suresh Singh,Ahmedabad,Gujarat,suresh.singh335@hotmail.com,42,2021-11-22,9507083673
71,Shobha Chatterjee,Ahmedabad,Gujarat,,23,2023-01-09,9475767056
72,Sanjay Kumar,Vijayawada,Andhra Pradesh,sanjay.kumar205@gmail.com,20,2024-09-14,
73,Divya Reddy,Hubli,Karnataka,divya.reddy224@gmail.com,48,2022-08-10,9923450567
74,Gaurav Agarwal,Raipur,Chhattisgarh,gaurav.agarwal168@gmail.com,56,2021-09-29,9127571992
75,Pushpa Arora,Gurgaon,Haryana,pushpa.arora204@outlook.com,42,2020-06-04,9991819497
76,Geeta Patel,Faridabad,Haryana,geeta.patel816@rediffmail.com,37,2023-03-05,9472807202
77,Sunil Banerjee,Noida,Uttar Pradesh,sunil.banerjee350@gmail.com,41,2020-01-26,9982971099
78,Gopal Patel,Chandigarh,Punjab,gopal.patel446@outlook.com,41,2020-12-26,9798423334
79,Usha Saxena,Bhubaneswar,Odisha,usha.saxena749@outlook.com,48,2023-04-28,9363598427
80,Ananya Menon,Ludhiana,Punjab,ananya.menon685@outlook.com,33,2022-02-15,9630757561
81,Karan Tiwari,Indore,Madhya Pradesh,karan.tiwari349@hotmail.com,31,2021-07-26,9852890318
82,Shobha Bhatia,Mumbai,Maharashtra,,51,2024-01-14,9696115913
83,Sunita Desai,Vijayawada,Andhra Pradesh,sunita.desai18@outlook.com,63,2020-07-09,9534222401
84,Geeta Pillai,Noida,Uttar Pradesh,geeta.pillai544@hotmail.com,55,2021-12-05,9900942073
85,Nikhil Siddiqui,Faridabad,Haryana,nikhil.siddiqui237@hotmail.com,47,2020-09-04,9438817025
86,Anjali Sethi,Solapur,Maharashtra,anjali.sethi757@yahoo.com,62,2022-09-18,9733064117
87,Mahesh Bajaj,Vadodara,Gujarat,mahesh.bajaj370@yahoo.com,24,2021-01-02,9860229059
88,Sunil Mehta,Surat,Gujarat,sunil.mehta715@gmail.com,20,2020-09-15,9908304440
89,Gopal Patel,Mumbai,Maharashtra,gopal.patel452@hotmail.com,54,2021-11-28,9155165334
90,Rekha Desai,Mysore,Karnataka,rekha.desai591@outlook.com,22,2023-07-13,9262915636
91,Divya Arora,Rajkot,Gujarat,divya.arora783@yahoo.com,23,2022-05-02,9949051496
92,Sanjay Malhotra,Kanpur,Uttar Pradesh,sanjay.malhotra603@outlook.com,46,2022-05-28,9766823010
93,Ayaan Saxena,Aurangabad,Maharashtra,ayaan.saxena271@yahoo.com,24,2023-09-14,9357553274
94,Amit Bhatia,Delhi,Delhi,amit.bhatia706@gmail.com,28,2023-05-01,9135046782
95,Ramesh Iyer,Jamshedpur,Jharkhand,,36,2021-04-23,9945923902
96,Vijay Banerjee,Mysore,Karnataka,vijay.banerjee931@yahoo.com,52,2021-06-28,9176675731
97,Ayaan Agarwal,Rajkot,Gujarat,ayaan.agarwal450@rediffmail.com,56,2020-09-11,9426515425
98,Pallavi Menon,Patna,Bihar,pallavi.menon613@outlook.com,52,2020-03-22,9888699799
99,Karan Bajaj,Ahmedabad,Gujarat,karan.bajaj691@gmail.com,19,2024-09-08,9730418447
100,Aditya Menon,Thiruvananthapuram,Kerala,aditya.menon668@yahoo.com,20,2022-06-24,9294872482
101,Nisha Jain,New Delhi,Delhi,nisha.jain329@hotmail.com,48,2023-10-04,9272684373
102,Nikhil Chatterjee,Faridabad,Haryana,nikhil.chatterjee411@hotmail.com,49,2024-07-24,9139403247
103,Ankita Joshi,Jaipur,Rajasthan,ankita.joshi792@hotmail.com,34,2022-04-07,9985758835
104,Aarav Sethi,Amritsar,Punjab,aarav.sethi371@gmail.com,44,2023-06-29,9771527524
105,Ritika Singh,Warangal,Telangana,ritika.singh295@rediffmail.com,35,2022-06-16,9620455331
106,Anjali Verma,Visakhapatnam,Andhra Pradesh,anjali.verma319@yahoo.com,56,2023-02-02,
107,Shruti Joshi,Kolkata,West Bengal,shruti.joshi664@outlook.com,25,2024-08-31,9869446962
108,Laxmi Kapoor,Jamshedpur,Jharkhand,laxmi.kapoor484@outlook.com,35,2021-05-14,9255308128
109,Sachin Mishra,Raipur,Chhattisgarh,sachin.mishra283@yahoo.com,50,2024-05-01,9545541033
110,Harsh Kapoor,Surat,Gujarat,harsh.kapoor858@hotmail.com,18,2023-04-17,9808605988
111,Gopal Chopra,Ludhiana,Punjab,gopal.chopra566@outlook.com,52,2024-04-11,9588922557
112,Karan Mishra,Faridabad,Haryana,karan.mishra877@rediffmail.com,33,2024-05-07,9441639230
113,Rajan Das,Kanpur,Uttar Pradesh,rajan.das38@yahoo.com,60,2020-09-15,9733701411
114,Nikhil Patel,Ludhiana,Punjab,nikhil.patel16@rediffmail.com,24,2024-01-19,9803066091
115,Divya Kumar,Bhopal,Madhya Pradesh,divya.kumar408@hotmail.com,34,2023-08-23,9452794611
116,Sunil Das,Jaipur,Rajasthan,sunil.das37@outlook.com,58,2023-06-18,9777703980
117,Radha Yadav,Aurangabad,Maharashtra,radha.yadav779@outlook.com,23,2023-07-21,9207918827
118,Ritika Agarwal,Faridabad,Haryana,,37,2024-06-18,9484897084
119,Gaurav Banerjee,Chennai,Tamil Nadu,gaurav.banerjee699@rediffmail.com,33,2024-06-11,9287979290
120,Priya Saxena,Kanpur,Uttar Pradesh,priya.saxena598@yahoo.com,57,2020-10-20,9784944881
121,Rekha Ghosh,Ahmedabad,Gujarat,rekha.ghosh477@gmail.com,60,2021-08-12,9269625036
122,Ishaan Mukherjee,Udaipur,Rajasthan,ishaan.mukherjee435@hotmail.com,55,2023-11-14,9424400672
123,Vijay Das,Bhopal,Madhya Pradesh,vijay.das368@yahoo.com,24,2023-03-23,9850845198
124,Laxmi Verma,Noida,Uttar Pradesh,,43,2024-11-06,9899582079
125,Reyansh Bajaj,Aurangabad,Maharashtra,reyansh.bajaj236@hotmail.com,49,2023-05-28,9335154329
126,Rajesh Saxena,Ahmedabad,Gujarat,rajesh.saxena926@yahoo.com,61,2023-07-09,9431714152
127,Ritika Gupta,Ranchi,Jharkhand,,41,2021-08-27,9546143048
128,Amit Mishra,Hubli,Karnataka,amit.mishra936@hotmail.com,52,2021-07-12,9375919523
129,Mohan Iyer,Aurangabad,Maharashtra,mohan.iyer78@gmail.com,39,2020-10-15,9342251928
130,Swati Bhatia,Lucknow,Uttar Pradesh,,23,2023-01-03,9495765839
131,Seema Chawla,Kanpur,Uttar Pradesh,seema.chawla240@hotmail.com,58,2022-08-23,
132,Karan Saxena,Kolkata,West Bengal,karan.saxena476@gmail.com,59,2023-12-06,9538404342
133,Sneha Mehta,Nagpur,Maharashtra,sneha.mehta119@hotmail.com,20,2020-07-18,9677186272
134,Riya Das,Amritsar,Punjab,riya.das761@rediffmail.com,41,2024-01-28,9545478870
135,Pooja Jain,Dehradun,Uttarakhand,,44,2022-01-28,9577488537
136,Sunita Bose,Bangalore,Karnataka,sunita.bose661@hotmail.com,61,2022-01-04,9396225446
137,Rajesh Shah,Amritsar,Punjab,rajesh.shah612@yahoo.com,23,2020-02-13,9458102728
138,Geeta Mehta,Thiruvananthapuram,Kerala,geeta.mehta568@gmail.com,31,2021-02-28,9973008988
139,Ramesh Ansari,Chennai,Tamil Nadu,ramesh.ansari149@gmail.com,56,2020-09-23,9957397689
140,Amit Shah,Noida,Uttar Pradesh,,19,2024-06-05,9732276010
141,Karan Verma,Madurai,Tamil Nadu,karan.verma432@gmail.com,34,2022-12-13,9168244921
142,Rajan Mukherjee,Lucknow,Uttar Pradesh,rajan.mukherjee516@rediffmail.com,50,2021-03-29,9146562851
143,Naresh Pillai,Amritsar,Punjab,,59,2022-09-07,9557707813
144,Neha Jain,Jamshedpur,Jharkhand,neha.jain330@gmail.com,46,2023-05-30,9235497187
145,Shobha Saxena,Visakhapatnam,Andhra Pradesh,shobha.saxena391@rediffmail.com,55,2023-05-08,9587173220
146,Vinod Bajaj,Chandigarh,Punjab,vinod.bajaj667@gmail.com,24,2024-12-02,9873995963
147,Manoj Banerjee,Ludhiana,Punjab,manoj.banerjee465@outlook.com,32,2022-03-27,9202097643
148,Akash Banerjee,Jaipur,Rajasthan,akash.banerjee157@hotmail.com,60,2023-11-07,9172083844
149,Ananya Joshi,New Delhi,Delhi,ananya.joshi382@gmail.com,45,2024-07-20,9164404084
150,Nikhil Shah,Varanasi,Uttar Pradesh,nikhil.shah739@outlook.com,40,2020-04-15,9744685429
151,Pushpa Siddiqui,Bangalore,Karnataka,pushpa.siddiqui673@rediffmail.com,54,2022-09-14,9216198604
152,Varun Bhatia,Lucknow,Uttar Pradesh,varun.bhatia827@hotmail.com,25,2022-05-28,9924024405
153,Vihaan Bajaj,Noida,Uttar Pradesh,,62,2021-07-13,9431769776
154,Harsh Siddiqui,Mumbai,Maharashtra,harsh.siddiqui411@yahoo.com,29,2020-05-22,9779863265
155,Vihaan Joshi,Aurangabad,Maharashtra,vihaan.joshi465@yahoo.com,51,2021-11-29,9434618074
156,Karan Arora,Raipur,Chhattisgarh,karan.arora773@gmail.com,23,2023-06-19,
157,Priya Menon,Ludhiana,Punjab,priya.menon453@outlook.com,60,2022-04-28,9910614025
158,Dinesh Shah,Udaipur,Rajasthan,dinesh.shah695@gmail.com,45,2023-04-29,9816328133
159,Pushpa Gupta,Kolkata,West Bengal,,43,2021-02-22,9326810757
160,Riya Nair,Vadodara,Gujarat,,38,2024-03-09,9238712095
161,Vishal Sethi,Jamshedpur,Jharkhand,vishal.sethi685@rediffmail.com,32,2024-07-09,9526351920
162,Sai Banerjee,Pune,Maharashtra,sai.banerjee590@gmail.com,47,2022-05-29,9861818706
163,Kritika Iyer,Mysore,Karnataka,kritika.iyer176@gmail.com,43,2024-06-29,9594025283
164,Tushar Joshi,Chandigarh,Punjab,tushar.joshi411@yahoo.com,24,2022-12-09,9433154770
165,Harsh Yadav,Jodhpur,Rajasthan,harsh.yadav117@gmail.com,28,2022-12-22,9933468715
166,Varun Siddiqui,Jabalpur,Madhya Pradesh,varun.siddiqui150@yahoo.com,59,2021-06-08,9746820987
167,Divya Kumar,Madurai,Tamil Nadu,divya.kumar578@outlook.com,58,2024-04-05,9831361497
168,Karan Khan,Chennai,Tamil Nadu,karan.khan647@gmail.com,46,2021-09-12,9735032128
169,Ayaan Siddiqui,Patna,Bihar,ayaan.siddiqui39@hotmail.com,22,2020-04-26,9408246619
170,Ishaan Joshi,Dehradun,Uttarakhand,ishaan.joshi595@rediffmail.com,56,2023-02-09,9893410426
171,Sai Mukherjee,Thiruvananthapuram,Kerala,sai.mukherjee488@yahoo.com,59,2022-10-23,9166436383
172,Simran Patel,Jodhpur,Rajasthan,simran.patel177@gmail.com,63,2020-03-21,9570039364
173,Ritika Malhotra,Guwahati,Assam,ritika.malhotra940@yahoo.com,57,2021-08-02,9931575232
174,Harsh Bajaj,Nashik,Maharashtra,,58,2020-07-12,9515070154
175,Radha Nair,Jabalpur,Madhya Pradesh,radha.nair342@rediffmail.com,60,2020-06-15,9251857566
176,Varun Pillai,Vijayawada,Andhra Pradesh,varun.pillai726@outlook.com,62,2020-06-22,9504456327
177,Nikhil Mehta,Noida,Uttar Pradesh,,62,2023-10-05,9488509962
178,Aditya Bose,Rajkot,Gujarat,aditya.bose785@yahoo.com,29,2022-09-22,9247709679
179,Divya Kumar,Vadodara,Gujarat,divya.kumar856@rediffmail.com,24,2024-02-21,9140531056
180,Harsh Saxena,Hubli,Karnataka,harsh.saxena186@outlook.com,56,2024-08-29,9770809983
181,Rohit Mukherjee,Nagpur,Maharashtra,rohit.mukherjee244@hotmail.com,44,2022-06-28,9907873857
182,Simran Yadav,Bhubaneswar,Odisha,simran.yadav804@hotmail.com,33,2022-08-18,9308323285
183,Gaurav Arora,Ludhiana,Punjab,gaurav.arora515@hotmail.com,47,2022-12-16,9274008639
184,Vijay Bajaj,Hubli,Karnataka,vijay.bajaj896@gmail.com,34,2022-01-30,9210154881
185,Naresh Shah,Vadodara,Gujarat,naresh.shah928@yahoo.com,23,2022-11-17,9569732588
186,Ananya Yadav,Ludhiana,Punjab,ananya.yadav406@gmail.com,40,2022-10-25,9514642708
187,Priya Bose,Kolkata,West Bengal,priya.bose860@hotmail.com,19,2024-01-03,9949738493
188,Meera Mehta,Nagpur,Maharashtra,meera.mehta143@outlook.com,36,2024-04-03,9581682167
189,Aarav Joshi,Pune,Maharashtra,aarav.joshi562@yahoo.com,34,2024-01-29,9554466340
190,Sneha Iyer,Howrah,West Bengal,,37,2022-05-09,9768737754
191,Ankita Kumar,Mysore,Karnataka,ankita.kumar648@rediffmail.com,49,2022-11-21,9871531100
192,Meera Iyer,Chandigarh,Punjab,meera.iyer585@rediffmail.com,18,2022-05-03,9817490291
193,Priya Malhotra,Lucknow,Uttar Pradesh,priya.malhotra806@rediffmail.com,22,2022-11-05,9519246503
194,Rajan Gupta,Visakhapatnam,Andhra Pradesh,rajan.gupta17@hotmail.com,42,2022-01-01,9470228863
195,Sunita Patel,Ranchi,Jharkhand,sunita.patel361@hotmail.com,65,2023-01-23,9790196540
196,Amit Ghosh,Faridabad,Haryana,amit.ghosh65@yahoo.com,48,2024-01-06,9591429705
197,Arjun Iyer,Hyderabad,Telangana,arjun.iyer324@yahoo.com,20,2021-09-27,9975535611
198,Rakesh Desai,Ahmedabad,Gujarat,rakesh.desai883@yahoo.com,20,2024-05-18,
199,Nikhil Menon,Mysore,Karnataka,nikhil.menon762@outlook.com,41,2022-06-19,9515156661
200,Harsh Tiwari,Indore,Madhya Pradesh,harsh.tiwari817@outlook.com,62,2022-11-29,9188703430
